Relevance,Explanation
RELEVANT,"The generated answer is identical to the original answer, providing the same information about Phiến quân Houthi's potential attack target, which is the UAE. The answer is accurate and relevant to the original question."
RELEVANT,"The generated answer is identical to a part of the original answer, specifically mentioning the location of intensified military activity. Although the generated question is different from the original sentence, the answer is still relevant to the original information."
PARTLY_RELEVANT,"The generated answer, 'Các Tiểu vương quốc Arab thống nhất (UAE)', contains the correct entity mentioned in the original answer, which is UAE. However, it lacks the crucial information regarding the threat or danger posed to the UAE, providing only the entity name without the context of the Houthi's military activities and intentions."
RELEVANT,"The generated answer is relevant because it provides similar information about the Houthi rebels posing a threat to the UAE, specifically mentioning Abu Dhabi as a target, which is mentioned in the original answer. The generated answer also provides additional context by specifying that the threat comes from Yemen, which is not explicitly mentioned in the original answer. Overall, the generated answer is accurate and provides meaningful information related to the original answer."
PARTLY_RELEVANT,"The generated answer mentions Saudi Arabia's military activity in Yemen against the Houthi rebels, which is related to the original answer mentioning the threat from Houthi rebels to Saudi Arabia. However, it does not specifically address the measures taken by Saudi Arabia to counter the threat, which is the focus of the generated question."
PARTLY_RELEVANT,"The generated answer partially matches the original answer by providing a calculation to find the difference in battery capacity between iPhone X and iPhone 8. However, the generated answer lacks the original's specific figures (2.716 mAh and 1.821 mAh) and only presents the result (895 mAh), making it less comprehensive and less relevant overall compared to the original answer."
RELEVANT,"The generated answer is relevant because it directly provides the information about the battery capacity of iPhone 8 Plus compared to iPhone X, which is a correct and accurate response to the provided question. The generated answer accurately quotes a specific detail (2.675 mAh and 2.716 mAh) from the original answer, indicating that the model is able to extract and rephrase the information."
PARTLY_RELEVANT,"The generated answer partially matches the relevant information in the original answer. It correctly identifies the comparison between iPhone X, iPhone 8, and iPhone 8 Plus in terms of battery capacity. However, it lacks the specific numerical values mentioned in the original answer (2.716 mAh, 1.821 mAh, and 2.675 mAh), which are crucial details that distinguish the original answer from a generic summary."
RELEVANT,"The generated answer provides the same information as the original answer, specifically the capacity of the iPhone X's battery. Although it doesn't provide the same context or surrounding information as the original answer, the main factual content is identical."
RELEVANT,"The generated answer provides the correct information about the battery capacity of iPhone 8 (1,821 mAh) which is directly related to the information provided in the original answer about the battery capacities of iPhone X, iPhone 8, and iPhone 8 Plus. The generated answer is a part of the original answer, providing a specific value that is directly related to the original information."
RELEVANT,"The generated answer matched the original answer exactly, including the same phrases, names, and even the same format. The generated question and answer pair is highly relevant to the evaluation task."
RELEVANT,"The generated answer confirms that Nguyễn Văn Toàn was one of the nominees for the Fair-play Award in Vietnam in 2017, which is consistent with the original answer. The generated answer provides additional context by mentioning that he was one of the 5 nominees, but it still maintains the core information of the original answer."
PARTLY_RELEVANT,"The generated answer is partially relevant because it correctly mentions HLV Mai Đức Chung as one of the nominees for the Fair-play football award in Vietnam 2017. However, it does not fully answer the question, as it does not mention the other nominees mentioned in the original answer, which is Nguyễn Văn Toàn, Trần Thị Thùy Trang, and CLB futsal Thái Sơn Nam."
PARTLY_RELEVANT,"The generated answer only provides a partial answer to the question, specifically the name of the team that was nominated for the Fair-play award, which is correct. However, the original answer also mentions other entities, including individuals, that were nominated for the award, which is missing in the generated answer."
PARTLY_RELEVANT,"The generated answer is partially relevant because it correctly states Trần Thị Thùy Trang as a nominee for the Fair-play award, which matches the original answer. However, the generated answer does not provide the full list of nominees, which is an important detail present in the original answer."
